"","bird_sp","wingspan_means"
"1","sparrow",22.3333333333333
"2","kingfisher",24.6666666666667
"3","eagle",193.666666666667
"4","hummingbird",8.66666666666667
